Unix time,BSSID,Signal strength(-dBm),SSID,Longitude,Latitude,GPS Accuracy,AP Capabilities, Channel, Frequency
1515969397000,0c:68:03:b0:ad:dc,-83,SJSU_MyDevice,-121.88166378,37.33678398,5,[ESS][P2P][BLE],,-5280
1515969397000,0c:68:03:b0:ad:dd,-82,SJSU_Guest,-121.88166378,37.33678398,5,[ESS][BLE],,-5280
1515969397000,0c:68:03:b0:ad:de,-84,eduroam,-121.88166378,37.33678398,5,[WPA2-EAP-CCMP][ESS][BLE],,-5280
1515969397000,0c:68:03:b0:ad:df,-83,SJSU_premier,-121.88166378,37.33678398,5,[WPA2-EAP-CCMP][ESS][BLE],,-5280
1515969353000,1c:b9:c4:33:73:3c,-90,The Internet,-121.88193557,37.33684577,40,[WPA2-PSK+FT/PSK-CCMP][ESS][BLE],,-5540
1515969349000,34:a8:4e:6a:18:e3,-90,eduroam,-121.88176898,37.33653379,43,[WPA2-EAP-CCMP][ESS][BLE],,-5660
1515969349000,34:a8:4e:6a:18:e5,-90,SJSU_Guest,-121.88176898,37.33653379,43,[ESS][BLE],,-5660
1515969349000,34:a8:4e:6a:18:e6,-93,SJSU_MyDevice,-121.88176898,37.33653379,43,[ESS][P2P][BLE],,-5660
1515969349000,34:a8:4e:6a:18:e7,-90,SJSU_premier,-121.88176898,37.33653379,43,[WPA2-EAP-CCMP][ESS][BLE],,-5660
1515969353000,34:a8:4e:6a:18:eb,-85,eduroam,-121.88193557,37.33684577,40,[WPA2-EAP-CCMP][ESS][BLE],,-5660
1515969353000,34:a8:4e:6a:18:ed,-87,SJSU_Guest,-121.88193557,37.33684577,40,[ESS][BLE],,-5660
1515969353000,34:a8:4e:6a:18:ee,-87,SJSU_MyDevice,-121.88193557,37.33684577,40,[ESS][P2P][BLE],,-5660
1515969349000,34:a8:4e:6a:18:ef,-88,SJSU_premier,-121.88176898,37.33653379,43,[WPA2-EAP-CCMP][ESS][BLE],,-5660
1515969353000,50:06:04:bb:60:71,-86,SJSU_MyDevice,-121.88193557,37.33684577,40,[ESS][P2P][BLE],,62437
1515969349000,50:06:04:bb:60:73,-80,eduroam,-121.88176898,37.33653379,43,[WPA2-EAP-CCMP][ESS][BLE],,-5745
1515969349000,50:06:04:bb:60:75,-80,SJSU_Guest,-121.88176898,37.33653379,43,[ESS][BLE],,-5745
1515969349000,50:06:04:bb:60:76,-80,SJSU_MyDevice,-121.88176898,37.33653379,43,[ESS][P2P][BLE],,-5745
1515969349000,50:06:04:bb:60:77,-80,SJSU_premier,-121.88176898,37.33653379,43,[WPA2-EAP-CCMP][ESS][BLE],,-5745
1515969349000,50:06:04:bb:60:7b,-72,eduroam,-121.88176898,37.33653379,43,[WPA2-EAP-CCMP][ESS][BLE],,-5745
1515969349000,50:06:04:bb:60:7d,-72,SJSU_Guest,-121.88176898,37.33653379,43,[ESS][BLE],,-5745
1515969353000,50:06:04:bb:60:7e,-74,SJSU_MyDevice,-121.88193557,37.33684577,40,[ESS][P2P][BLE],,-5745
1515969349000,50:06:04:bb:60:7f,-73,SJSU_premier,-121.88176898,37.33653379,43,[WPA2-EAP-CCMP][ESS][BLE],,-5745
1515969299000,5e:84:1a:dd:d0:e8,-80,SETUP,-121.885344,37.33831421,28,[IBSS],,112462
1515969385000,68:86:a7:1c:b9:04,-85,SJSU_MyDevice,-121.88163699,37.33686897,8,[ESS][P2P][BLE],,-5240
1515969385000,68:86:a7:1c:b9:05,-85,SJSU_Guest,-121.88163699,37.33686897,8,[ESS][BLE],,-5240
1515969385000,68:86:a7:1c:b9:06,-84,eduroam,-121.88163699,37.33686897,8,[WPA2-EAP-CCMP][ESS][BLE],,-5240
1515969385000,68:86:a7:1c:b9:07,-85,SJSU_premier,-121.88163699,37.33686897,8,[WPA2-EAP-CCMP][ESS][BLE],,-5240
1515969385000,68:86:a7:1c:b9:0d,-86,SJSU_Guest,-121.88163699,37.33686897,8,[ESS][BLE],,-5240
1515969299000,68:86:a7:1c:be:1c,-87,SJSU_MyDevice,-121.885344,37.33831421,28,[ESS][P2P][BLE],,-5300
1515969297000,68:86:a7:1c:be:1d,-85,SJSU_Guest,-121.88527248,37.33840275,31,[ESS][BLE],,-5300
1515969297000,68:86:a7:1c:be:1e,-87,eduroam,-121.88527248,37.33840275,31,[WPA2-EAP-CCMP][ESS][BLE],,-5300
1515969297000,68:86:a7:1c:be:1f,-86,SJSU_premier,-121.88527248,37.33840275,31,[WPA2-EAP-CCMP][ESS][BLE],,-5300
1515969399000,68:86:a7:1c:cd:60,-78,SJSU_premier,-121.88167439,37.33676861,5,[WPA2-EAP-CCMP][ESS][BLE],,62437
1515969388000,68:86:a7:1c:cd:63,-78,SJSU_MyDevice,-121.88163664,37.33685083,6,[ESS][P2P][BLE],,62437
1515969347000,68:86:a7:1c:cd:6c,-84,SJSU_MyDevice,-121.88179617,37.3364896,40,[ESS][P2P][BLE],,-5260
1515969347000,68:86:a7:1c:cd:6d,-86,SJSU_Guest,-121.88179617,37.3364896,40,[ESS][BLE],,-5260
1515969353000,68:86:a7:1c:cd:6e,-86,eduroam,-121.88193557,37.33684577,40,[WPA2-EAP-CCMP][ESS][BLE],,-5260
1515969329000,68:86:a7:1c:cd:6f,-84,SJSU_premier,-121.88533861,37.33817558,76,[WPA2-EAP-CCMP][ESS][BLE],,-5260
1515969329000,68:86:a7:30:9b:ac,-86,SJSU_MyDevice,-121.88533861,37.33817558,76,[ESS][P2P][BLE],,-5660
1515969326000,68:86:a7:30:9b:ad,-89,SJSU_Guest,-121.88536397,37.33818202,108,[ESS][BLE],,-5660
1515969326000,68:86:a7:30:9b:ae,-86,eduroam,-121.88536397,37.33818202,108,[WPA2-EAP-CCMP][ESS][BLE],,-5660
1515969329000,68:86:a7:30:9b:af,-88,SJSU_premier,-121.88533861,37.33817558,76,[WPA2-EAP-CCMP][ESS][BLE],,-5660
1515969329000,68:86:a7:30:9e:e0,-81,SJSU_premier,-121.88533861,37.33817558,76,[WPA2-EAP-CCMP][ESS][BLE],,112462
1515969329000,68:86:a7:30:9e:e1,-82,eduroam,-121.88533861,37.33817558,76,[WPA2-EAP-CCMP][ESS][BLE],,112462
1515969326000,68:86:a7:30:9e:e2,-82,SJSU_Guest,-121.88536397,37.33818202,108,[ESS][BLE],,112462
1515969329000,68:86:a7:30:9e:e3,-82,SJSU_MyDevice,-121.88533861,37.33817558,76,[ESS][P2P][BLE],,112462
1515969353000,68:86:a7:30:9e:ec,-74,SJSU_MyDevice,-121.88193557,37.33684577,40,[ESS][P2P][BLE],,-5580
1515969329000,68:86:a7:30:9e:ed,-74,SJSU_Guest,-121.88533861,37.33817558,76,[ESS][BLE],,-5580
1515969353000,68:86:a7:30:9e:ee,-74,eduroam,-121.88193557,37.33684577,40,[WPA2-EAP-CCMP][ESS][BLE],,-5580
1515969353000,68:86:a7:30:9e:ef,-74,SJSU_premier,-121.88193557,37.33684577,40,[WPA2-EAP-CCMP][ESS][BLE],,-5580
1515969382000,68:86:a7:56:a4:22,-88,SJSU_Guest,-121.88163765,37.3368942,9,[ESS][BLE],,112462
1515969388000,68:86:a7:56:a4:23,-84,SJSU_MyDevice,-121.88163664,37.33685083,6,[ESS][P2P][BLE],,112462
1515969353000,68:86:a7:56:a4:24,-92,SJSU_MyDevice,-121.88193557,37.33684577,40,[ESS][P2P][BLE],,-5500
1515969353000,68:86:a7:56:a4:25,-90,SJSU_Guest,-121.88193557,37.33684577,40,[ESS][BLE],,-5500
1515969353000,68:86:a7:56:a4:26,-91,eduroam,-121.88193557,37.33684577,40,[WPA2-EAP-CCMP][ESS][BLE],,-5500
1515969329000,68:86:a7:56:a4:27,-91,SJSU_premier,-121.88533861,37.33817558,76,[WPA2-EAP-CCMP][ESS][BLE],,-5500
1515969388000,68:86:a7:56:a4:2d,-81,SJSU_Guest,-121.88163664,37.33685083,6,[ESS][BLE],,-5500
1515969391000,68:86:a7:56:a4:2e,-82,eduroam,-121.88163839,37.33683652,5,[WPA2-EAP-CCMP][ESS][BLE],,-5500
1515969297000,68:86:a7:56:af:b0,-84,SJSU_premier,-121.88527248,37.33840275,31,[WPA2-EAP-CCMP][ESS][BLE],,62437
1515969297000,68:86:a7:56:af:b1,-85,eduroam,-121.88527248,37.33840275,31,[WPA2-EAP-CCMP][ESS][BLE],,62437
1515969299000,68:86:a7:56:af:b3,-84,SJSU_MyDevice,-121.885344,37.33831421,28,[ESS][P2P][BLE],,62437
1515969297000,68:86:a7:56:af:bd,-88,SJSU_Guest,-121.88527248,37.33840275,31,[ESS][BLE],,-5220
1515969297000,68:86:a7:56:af:be,-89,eduroam,-121.88527248,37.33840275,31,[WPA2-EAP-CCMP][ESS][BLE],,-5220
1515969297000,68:86:a7:56:af:bf,-89,SJSU_premier,-121.88527248,37.33840275,31,[WPA2-EAP-CCMP][ESS][BLE],,-5220
1515969397000,68:86:a7:56:b9:90,-83,SJSU_premier,-121.88166378,37.33678398,5,[WPA2-EAP-CCMP][ESS][BLE],,12412
1515969399000,68:86:a7:56:b9:91,-85,eduroam,-121.88167439,37.33676861,5,[WPA2-EAP-CCMP][ESS][BLE],,12412
1515969397000,68:86:a7:56:b9:92,-82,SJSU_Guest,-121.88166378,37.33678398,5,[ESS][BLE],,12412
1515969391000,68:86:a7:56:b9:93,-84,SJSU_MyDevice,-121.88163839,37.33683652,5,[ESS][P2P][BLE],,12412
1515969349000,68:86:a7:56:b9:9e,-90,eduroam,-121.88176898,37.33653379,43,[WPA2-EAP-CCMP][ESS][BLE],,-5220
1515969297000,68:86:a7:56:ba:80,-59,SJSU_premier,-121.88527248,37.33840275,31,[WPA2-EAP-CCMP][ESS][BLE],,12412
1515969297000,68:86:a7:56:ba:81,-59,eduroam,-121.88527248,37.33840275,31,[WPA2-EAP-CCMP][ESS][BLE],,12412
1515969297000,68:86:a7:56:ba:82,-59,SJSU_Guest,-121.88527248,37.33840275,31,[ESS][BLE],,12412
1515969297000,68:86:a7:56:ba:83,-59,SJSU_MyDevice,-121.88527248,37.33840275,31,[ESS][P2P][BLE],,12412
1515969302000,68:86:a7:56:ba:8c,-50,SJSU_MyDevice,-121.8853621,37.33827662,13,[ESS][P2P][BLE],,-5180
1515969302000,68:86:a7:56:ba:8d,-50,SJSU_Guest,-121.8853621,37.33827662,13,[ESS][BLE],,-5180
1515969302000,68:86:a7:56:ba:8e,-50,eduroam,-121.8853621,37.33827662,13,[WPA2-EAP-CCMP][ESS][BLE],,-5180
1515969302000,68:86:a7:56:ba:8f,-50,SJSU_premier,-121.8853621,37.33827662,13,[WPA2-EAP-CCMP][ESS][BLE],,-5180
1515969302000,68:86:a7:56:bb:31,-80,eduroam,-121.8853621,37.33827662,13,[WPA2-EAP-CCMP][ESS][BLE],,62437
1515969302000,68:86:a7:56:bb:32,-81,SJSU_Guest,-121.8853621,37.33827662,13,[ESS][BLE],,62437
1515969302000,68:86:a7:56:bb:33,-81,SJSU_MyDevice,-121.8853621,37.33827662,13,[ESS][P2P][BLE],,62437
1515969314000,68:86:a7:56:bd:00,-76,SJSU_premier,-121.88536905,37.33823119,19,[WPA2-EAP-CCMP][ESS][BLE],,112462
1515969314000,68:86:a7:56:bd:01,-75,eduroam,-121.88536905,37.33823119,19,[WPA2-EAP-CCMP][ESS][BLE],,112462
1515969314000,68:86:a7:56:bd:02,-76,SJSU_Guest,-121.88536905,37.33823119,19,[ESS][BLE],,112462
1515969314000,68:86:a7:56:bd:03,-76,SJSU_MyDevice,-121.88536905,37.33823119,19,[ESS][P2P][BLE],,112462
1515969299000,68:86:a7:56:bd:0c,-76,SJSU_MyDevice,-121.885344,37.33831421,28,[ESS][P2P][BLE],,-5280
1515969299000,68:86:a7:56:bd:0d,-76,SJSU_Guest,-121.885344,37.33831421,28,[ESS][BLE],,-5280
1515969299000,68:86:a7:56:bd:0e,-75,eduroam,-121.885344,37.33831421,28,[WPA2-EAP-CCMP][ESS][BLE],,-5280
1515969299000,68:86:a7:56:bd:0f,-76,SJSU_premier,-121.885344,37.33831421,28,[WPA2-EAP-CCMP][ESS][BLE],,-5280
1515969391000,68:86:a7:56:be:71,-85,eduroam,-121.88163839,37.33683652,5,[WPA2-EAP-CCMP][ESS][BLE],,12412
1515969391000,68:86:a7:56:be:72,-85,SJSU_Guest,-121.88163839,37.33683652,5,[ESS][BLE],,12412
1515969394000,68:86:a7:56:be:73,-84,SJSU_MyDevice,-121.88164784,37.33680986,5,[ESS][P2P][BLE],,12412
1515969399000,68:86:a7:56:be:7c,-81,SJSU_MyDevice,-121.88167439,37.33676861,5,[ESS][P2P][BLE],,-5180
1515969391000,68:86:a7:56:c2:ac,-84,SJSU_MyDevice,-121.88163839,37.33683652,5,[ESS][P2P][BLE],,-5260
1515969391000,68:86:a7:56:c2:ad,-87,SJSU_Guest,-121.88163839,37.33683652,5,[ESS][BLE],,-5260
1515969399000,68:86:a7:56:c2:ae,-86,eduroam,-121.88167439,37.33676861,5,[WPA2-EAP-CCMP][ESS][BLE],,-5260
1515969394000,68:86:a7:56:c2:af,-86,SJSU_premier,-121.88164784,37.33680986,5,[WPA2-EAP-CCMP][ESS][BLE],,-5260
1515969394000,68:86:a7:56:c4:a5,-88,SJSU_Guest,-121.88164784,37.33680986,5,[ESS][BLE],,-5260
1515969394000,68:86:a7:56:c4:a6,-89,eduroam,-121.88164784,37.33680986,5,[WPA2-EAP-CCMP][ESS][BLE],,-5260
1515969382000,68:86:a7:56:c4:ac,-87,SJSU_MyDevice,-121.88163765,37.3368942,9,[ESS][P2P][BLE],,-5260
1515969379000,68:86:a7:56:c4:af,-85,SJSU_premier,-121.88164882,37.33691151,11,[WPA2-EAP-CCMP][ESS][BLE],,-5260
1515969314000,68:86:a7:d7:93:73,-82,SJSU_MyDevice,-121.88536905,37.33823119,19,[ESS][P2P][BLE],,112462
1515969297000,68:86:a7:d7:97:a0,-75,SJSU_premier,-121.88527248,37.33840275,31,[WPA2-EAP-CCMP][ESS][BLE],,62437
1515969308000,68:86:a7:d7:97:a1,-69,eduroam,-121.88536853,37.33823273,12,[WPA2-EAP-CCMP][ESS][BLE],,62437
1515969308000,68:86:a7:d7:97:a2,-74,SJSU_Guest,-121.88536853,37.33823273,12,[ESS][BLE],,62437
1515969297000,68:86:a7:d7:97:a3,-72,SJSU_MyDevice,-121.88527248,37.33840275,31,[ESS][P2P][BLE],,62437
1515969297000,68:86:a7:d7:97:ac,-64,SJSU_MyDevice,-121.88527248,37.33840275,31,[ESS][P2P][BLE],,-5240
1515969297000,68:86:a7:d7:97:ad,-64,SJSU_Guest,-121.88527248,37.33840275,31,[ESS][BLE],,-5240
1515969297000,68:86:a7:d7:97:ae,-64,eduroam,-121.88527248,37.33840275,31,[WPA2-EAP-CCMP][ESS][BLE],,-5240
1515969297000,68:86:a7:d7:97:af,-64,SJSU_premier,-121.88527248,37.33840275,31,[WPA2-EAP-CCMP][ESS][BLE],,-5240
1515969343000,6c:fa:89:54:d3:71,-82,eduroam,-121.88228638,37.33648866,50,[WPA2-EAP-CCMP][ESS][BLE],,12412
1515969397000,6c:fa:89:54:d3:72,-72,SJSU_Guest,-121.88166378,37.33678398,5,[ESS][BLE],,12412
1515969349000,6c:fa:89:54:d3:7c,-89,SJSU_MyDevice,-121.88176898,37.33653379,43,[ESS][P2P][BLE],,-5240
1515969349000,6c:fa:89:54:d3:7f,-89,SJSU_premier,-121.88176898,37.33653379,43,[WPA2-EAP-CCMP][ESS][BLE],,-5240
1515969364000,88:75:56:1e:f6:f0,-87,SJSU_premier,-121.88191594,37.33700659,33,[WPA2-EAP-CCMP][ESS][BLE],,112462
1515969353000,88:75:56:1e:f6:f1,-84,SJSU_Guest,-121.88193557,37.33684577,40,[ESS][BLE],,112462
1515969353000,88:75:56:1e:f6:f2,-85,eduroam,-121.88193557,37.33684577,40,[WPA2-EAP-CCMP][ESS][BLE],,112462
1515969329000,88:75:56:1f:bd:30,-85,SJSU_premier,-121.88533861,37.33817558,76,[WPA2-EAP-CCMP][ESS][BLE],,112462
1515969332000,88:75:56:1f:bd:32,-84,SJSU_Guest,-121.88526178,37.33816745,76,[ESS][BLE],,112462
1515969332000,88:75:56:1f:bd:33,-84,SJSU_MyDevice,-121.88526178,37.33816745,76,[ESS][P2P][BLE],,112462
1515969329000,88:75:56:1f:bd:34,-83,SJSU_MyDevice,-121.88533861,37.33817558,76,[ESS][P2P][BLE],,-5260
1515969329000,88:75:56:1f:bd:35,-84,SJSU_Guest,-121.88533861,37.33817558,76,[ESS][BLE],,-5260
1515969329000,88:75:56:1f:bd:36,-84,eduroam,-121.88533861,37.33817558,76,[WPA2-EAP-CCMP][ESS][BLE],,-5260
1515969329000,88:75:56:1f:bd:37,-83,SJSU_premier,-121.88533861,37.33817558,76,[WPA2-EAP-CCMP][ESS][BLE],,-5260
1515969326000,88:75:56:1f:bd:3c,-88,SJSU_MyDevice,-121.88536397,37.33818202,108,[ESS][P2P][BLE],,-5260
1515969332000,88:75:56:1f:bd:3e,-87,eduroam,-121.88526178,37.33816745,76,[WPA2-EAP-CCMP][ESS][BLE],,-5260
1515969349000,88:75:56:c7:4f:f1,-88,eduroam,-121.88176898,37.33653379,43,[WPA2-EAP-CCMP][ESS][BLE],,12412
1515969349000,88:75:56:c7:4f:f2,-85,SJSU_Guest,-121.88176898,37.33653379,43,[ESS][BLE],,12412
1515969349000,88:75:56:c7:4f:f3,-87,SJSU_MyDevice,-121.88176898,37.33653379,43,[ESS][P2P][BLE],,12412
1515969353000,88:75:56:c7:4f:fc,-82,SJSU_MyDevice,-121.88193557,37.33684577,40,[ESS][P2P][BLE],,-5220
1515969329000,88:75:56:c7:4f:fd,-85,SJSU_Guest,-121.88533861,37.33817558,76,[ESS][BLE],,-5220
1515969353000,88:75:56:c7:4f:fe,-82,eduroam,-121.88193557,37.33684577,40,[WPA2-EAP-CCMP][ESS][BLE],,-5220
1515969356000,88:75:56:c7:4f:ff,-84,SJSU_premier,-121.88196444,37.33692654,35,[WPA2-EAP-CCMP][ESS][BLE],,-5220
1515969335000,88:90:8d:93:3a:ab,-80,eduroam,-121.88487729,37.33817115,93,[WPA2-EAP-CCMP][ESS][BLE],,-5300
1515969335000,88:90:8d:93:3a:ad,-80,SJSU_Guest,-121.88487729,37.33817115,93,[ESS][BLE],,-5300
1515969335000,88:90:8d:93:3a:ae,-80,SJSU_MyDevice,-121.88487729,37.33817115,93,[ESS][P2P][BLE],,-5300
1515969335000,88:90:8d:93:3a:af,-79,SJSU_premier,-121.88487729,37.33817115,93,[WPA2-EAP-CCMP][ESS][BLE],,-5300
1515969356000,88:90:8d:93:3c:1b,-66,eduroam,-121.88196444,37.33692654,35,[WPA2-EAP-CCMP][ESS][BLE],,-5805
1515969356000,88:90:8d:93:3c:1d,-66,SJSU_Guest,-121.88196444,37.33692654,35,[ESS][BLE],,-5805
1515969356000,88:90:8d:93:3c:1e,-66,SJSU_MyDevice,-121.88196444,37.33692654,35,[ESS][P2P][BLE],,-5805
1515969356000,88:90:8d:93:3c:1f,-66,SJSU_premier,-121.88196444,37.33692654,35,[WPA2-EAP-CCMP][ESS][BLE],,-5805
1515969341000,b4:e9:b0:b2:0f:c0,-83,SJSU_premier,-121.88285323,37.33669748,55,[WPA2-EAP-CCMP][ESS][BLE],,112462
1515969341000,b4:e9:b0:b2:0f:c1,-82,eduroam,-121.88285323,37.33669748,55,[WPA2-EAP-CCMP][ESS][BLE],,112462
1515969299000,b4:e9:b0:b2:0f:c2,-87,SJSU_Guest,-121.885344,37.33831421,28,[ESS][BLE],,112462
1515969341000,b4:e9:b0:b2:0f:c3,-83,SJSU_MyDevice,-121.88285323,37.33669748,55,[ESS][P2P][BLE],,112462
1515969338000,b4:e9:b0:b2:0f:c4,-88,SJSU_MyDevice,-121.88462994,37.33815514,100,[ESS][P2P][BLE],,-5180
1515969338000,b4:e9:b0:b2:0f:c5,-87,SJSU_Guest,-121.88462994,37.33815514,100,[ESS][BLE],,-5180
1515969338000,b4:e9:b0:b2:0f:c6,-88,eduroam,-121.88462994,37.33815514,100,[WPA2-EAP-CCMP][ESS][BLE],,-5180
1515969338000,b4:e9:b0:b2:0f:c7,-88,SJSU_premier,-121.88462994,37.33815514,100,[WPA2-EAP-CCMP][ESS][BLE],,-5180
1515969341000,b4:e9:b0:b2:0f:cc,-87,SJSU_MyDevice,-121.88285323,37.33669748,55,[ESS][P2P][BLE],,-5180
1515969338000,b4:e9:b0:b2:0f:cd,-87,SJSU_Guest,-121.88462994,37.33815514,100,[ESS][BLE],,-5180
1515969338000,b4:e9:b0:b2:0f:cf,-86,SJSU_premier,-121.88462994,37.33815514,100,[WPA2-EAP-CCMP][ESS][BLE],,-5180
1515969332000,b4:e9:b0:b2:2a:a3,-85,SJSU_MyDevice,-121.88526178,37.33816745,76,[ESS][P2P][BLE],,62437
1515969329000,b4:e9:b0:b2:2a:ac,-89,SJSU_MyDevice,-121.88533861,37.33817558,76,[ESS][P2P][BLE],,-5220
1515969332000,b4:e9:b0:b2:2a:ad,-89,SJSU_Guest,-121.88526178,37.33816745,76,[ESS][BLE],,-5220
1515969335000,b4:e9:b0:b4:bb:10,-63,SJSU_premier,-121.88487729,37.33817115,93,[WPA2-EAP-CCMP][ESS][BLE],,62437
1515969335000,b4:e9:b0:b4:bb:11,-62,eduroam,-121.88487729,37.33817115,93,[WPA2-EAP-CCMP][ESS][BLE],,62437
1515969335000,b4:e9:b0:b4:bb:12,-63,SJSU_Guest,-121.88487729,37.33817115,93,[ESS][BLE],,62437
1515969335000,b4:e9:b0:b4:bb:13,-63,SJSU_MyDevice,-121.88487729,37.33817115,93,[ESS][P2P][BLE],,62437
1515969338000,b4:e9:b0:b4:bb:14,-71,SJSU_MyDevice,-121.88462994,37.33815514,100,[ESS][P2P][BLE],,-5200
1515969338000,b4:e9:b0:b4:bb:15,-71,SJSU_Guest,-121.88462994,37.33815514,100,[ESS][BLE],,-5200
1515969335000,b4:e9:b0:b4:bb:16,-71,eduroam,-121.88487729,37.33817115,93,[WPA2-EAP-CCMP][ESS][BLE],,-5200
1515969335000,b4:e9:b0:b4:bb:17,-71,SJSU_premier,-121.88487729,37.33817115,93,[WPA2-EAP-CCMP][ESS][BLE],,-5200
1515969341000,b4:e9:b0:b4:bb:1c,-65,SJSU_MyDevice,-121.88285323,37.33669748,55,[ESS][P2P][BLE],,-5200
1515969338000,b4:e9:b0:b4:bb:1d,-65,SJSU_Guest,-121.88462994,37.33815514,100,[ESS][BLE],,-5200
1515969341000,b4:e9:b0:b4:bb:1e,-61,eduroam,-121.88285323,37.33669748,55,[WPA2-EAP-CCMP][ESS][BLE],,-5200
1515969338000,b4:e9:b0:b4:bb:1f,-65,SJSU_premier,-121.88462994,37.33815514,100,[WPA2-EAP-CCMP][ESS][BLE],,-5200
1515969382000,b4:e9:b0:b4:d9:0c,-86,SJSU_MyDevice,-121.88163765,37.3368942,9,[ESS][P2P][BLE],,-5260
1515969382000,b4:e9:b0:b4:d9:0e,-86,eduroam,-121.88163765,37.3368942,9,[WPA2-EAP-CCMP][ESS][BLE],,-5260
1515969382000,b4:e9:b0:b4:d9:0f,-86,SJSU_premier,-121.88163765,37.3368942,9,[WPA2-EAP-CCMP][ESS][BLE],,-5260
1515969397000,b4:e9:b0:b4:df:1e,-78,eduroam,-121.88166378,37.33678398,5,[WPA2-EAP-CCMP][ESS][BLE],,-5300
1515969297000,b4:e9:b0:b4:e7:d0,-81,SJSU_premier,-121.88527248,37.33840275,31,[WPA2-EAP-CCMP][ESS][BLE],,62437
1515969297000,b4:e9:b0:b4:e7:d1,-79,eduroam,-121.88527248,37.33840275,31,[WPA2-EAP-CCMP][ESS][BLE],,62437
1515969382000,b4:e9:b0:b4:e7:d2,-75,SJSU_Guest,-121.88163765,37.3368942,9,[ESS][BLE],,62437
1515969297000,b4:e9:b0:b4:e7:d3,-80,SJSU_MyDevice,-121.88527248,37.33840275,31,[ESS][P2P][BLE],,62437
1515969299000,b4:e9:b0:b4:e7:dc,-72,SJSU_MyDevice,-121.885344,37.33831421,28,[ESS][P2P][BLE],,-5260
1515969299000,b4:e9:b0:b4:e7:dd,-72,SJSU_Guest,-121.885344,37.33831421,28,[ESS][BLE],,-5260
1515969341000,b4:e9:b0:b4:e7:de,-72,eduroam,-121.88285323,37.33669748,55,[WPA2-EAP-CCMP][ESS][BLE],,-5260
1515969299000,b4:e9:b0:b4:e7:df,-72,SJSU_premier,-121.885344,37.33831421,28,[WPA2-EAP-CCMP][ESS][BLE],,-5260
1515969329000,b4:e9:b0:b4:e8:50,-53,SJSU_premier,-121.88533861,37.33817558,76,[WPA2-EAP-CCMP][ESS][BLE],,112462
1515969329000,b4:e9:b0:b4:e8:52,-53,SJSU_Guest,-121.88533861,37.33817558,76,[ESS][BLE],,112462
1515969329000,b4:e9:b0:b4:e8:53,-52,SJSU_MyDevice,-121.88533861,37.33817558,76,[ESS][P2P][BLE],,112462
1515969320000,b4:e9:b0:b4:e8:5c,-60,SJSU_MyDevice,-121.88536848,37.3382003,53,[ESS][P2P][BLE],,-5500
1515969320000,b4:e9:b0:b4:e8:5d,-60,SJSU_Guest,-121.88536848,37.3382003,53,[ESS][BLE],,-5500
1515969320000,b4:e9:b0:b4:e8:5e,-60,eduroam,-121.88536848,37.3382003,53,[WPA2-EAP-CCMP][ESS][BLE],,-5500
1515969329000,b4:e9:b0:b4:e8:5f,-59,SJSU_premier,-121.88533861,37.33817558,76,[WPA2-EAP-CCMP][ESS][BLE],,-5500
1515969397000,b4:e9:b0:b4:eb:30,-80,SJSU_premier,-121.88166378,37.33678398,5,[WPA2-EAP-CCMP][ESS][BLE],,12412
1515969399000,b4:e9:b0:b4:eb:32,-75,SJSU_Guest,-121.88167439,37.33676861,5,[ESS][BLE],,12412
1515969391000,b4:e9:b0:b4:eb:3f,-76,SJSU_premier,-121.88163839,37.33683652,5,[WPA2-EAP-CCMP][ESS][BLE],,-5180
1515969297000,b4:e9:b0:ef:19:9c,-88,SJSU_MyDevice,-121.88527248,37.33840275,31,[ESS][P2P][BLE],,-5540
1515969297000,b4:e9:b0:ef:19:9d,-88,SJSU_Guest,-121.88527248,37.33840275,31,[ESS][BLE],,-5540
1515969297000,b4:e9:b0:ef:19:9e,-89,eduroam,-121.88527248,37.33840275,31,[WPA2-EAP-CCMP][ESS][BLE],,-5540
1515969297000,b4:e9:b0:ef:19:9f,-88,SJSU_premier,-121.88527248,37.33840275,31,[WPA2-EAP-CCMP][ESS][BLE],,-5540
1515969388000,b4:e9:b0:ef:1c:70,-83,SJSU_premier,-121.88163664,37.33685083,6,[WPA2-EAP-CCMP][ESS][BLE],,112462
1515969388000,b4:e9:b0:ef:1c:71,-84,eduroam,-121.88163664,37.33685083,6,[WPA2-EAP-CCMP][ESS][BLE],,112462
1515969385000,b4:e9:b0:ef:1c:72,-86,SJSU_Guest,-121.88163699,37.33686897,8,[ESS][BLE],,112462
1515969388000,b4:e9:b0:ef:1c:73,-83,SJSU_MyDevice,-121.88163664,37.33685083,6,[ESS][P2P][BLE],,112462
1515969311000,b4:e9:b0:ef:1c:7c,-85,SJSU_MyDevice,-121.88536904,37.33823123,15,[ESS][P2P][BLE],,-5580
1515969394000,b4:e9:b0:ef:1c:7d,-77,SJSU_Guest,-121.88164784,37.33680986,5,[ESS][BLE],,-5580
1515969311000,b4:e9:b0:ef:1c:7e,-83,eduroam,-121.88536904,37.33823123,15,[WPA2-EAP-CCMP][ESS][BLE],,-5580
1515969311000,b4:e9:b0:ef:1c:7f,-85,SJSU_premier,-121.88536904,37.33823123,15,[WPA2-EAP-CCMP][ESS][BLE],,-5580
1515969338000,b4:e9:b0:ef:21:c0,-87,SJSU_premier,-121.88462994,37.33815514,100,[WPA2-EAP-CCMP][ESS][BLE],,12412
1515969341000,b4:e9:b0:ef:21:c2,-87,SJSU_Guest,-121.88285323,37.33669748,55,[ESS][BLE],,12412
1515969341000,b4:e9:b0:ef:21:c3,-86,SJSU_MyDevice,-121.88285323,37.33669748,55,[ESS][P2P][BLE],,12412
1515969338000,b4:e9:b0:ef:21:c4,-83,SJSU_MyDevice,-121.88462994,37.33815514,100,[ESS][P2P][BLE],,-5500
1515969338000,b4:e9:b0:ef:21:c5,-83,SJSU_Guest,-121.88462994,37.33815514,100,[ESS][BLE],,-5500
1515969338000,b4:e9:b0:ef:21:c6,-84,eduroam,-121.88462994,37.33815514,100,[WPA2-EAP-CCMP][ESS][BLE],,-5500
1515969338000,b4:e9:b0:ef:21:c7,-83,SJSU_premier,-121.88462994,37.33815514,100,[WPA2-EAP-CCMP][ESS][BLE],,-5500
1515969341000,b4:e9:b0:ef:21:cc,-81,SJSU_MyDevice,-121.88285323,37.33669748,55,[ESS][P2P][BLE],,-5500
1515969341000,b4:e9:b0:ef:21:cd,-82,SJSU_Guest,-121.88285323,37.33669748,55,[ESS][BLE],,-5500
1515969338000,b4:e9:b0:ef:21:ce,-81,eduroam,-121.88462994,37.33815514,100,[WPA2-EAP-CCMP][ESS][BLE],,-5500
1515969326000,b4:e9:b0:ef:50:c1,-79,eduroam,-121.88536397,37.33818202,108,[WPA2-EAP-CCMP][ESS][BLE],,62437
1515969326000,b4:e9:b0:ef:50:c3,-77,SJSU_MyDevice,-121.88536397,37.33818202,108,[ESS][P2P][BLE],,62437
1515969326000,b4:e9:b0:ef:50:cc,-79,SJSU_MyDevice,-121.88536397,37.33818202,108,[ESS][P2P][BLE],,-5280
1515969320000,b4:e9:b0:ef:50:cd,-81,SJSU_Guest,-121.88536848,37.3382003,53,[ESS][BLE],,-5280
1515969326000,b4:e9:b0:ef:50:ce,-79,eduroam,-121.88536397,37.33818202,108,[WPA2-EAP-CCMP][ESS][BLE],,-5280
1515969326000,b4:e9:b0:ef:50:cf,-77,SJSU_premier,-121.88536397,37.33818202,108,[WPA2-EAP-CCMP][ESS][BLE],,-5280
1515969317000,b4:e9:b0:ef:61:10,-60,SJSU_premier,-121.88536877,37.33821742,27,[WPA2-EAP-CCMP][ESS][BLE],,62437
1515969317000,b4:e9:b0:ef:61:11,-60,eduroam,-121.88536877,37.33821742,27,[WPA2-EAP-CCMP][ESS][BLE],,62437
1515969317000,b4:e9:b0:ef:61:12,-60,SJSU_Guest,-121.88536877,37.33821742,27,[ESS][BLE],,62437
1515969317000,b4:e9:b0:ef:61:13,-60,SJSU_MyDevice,-121.88536877,37.33821742,27,[ESS][P2P][BLE],,62437
1515969320000,b4:e9:b0:ef:61:1c,-59,SJSU_MyDevice,-121.88536848,37.3382003,53,[ESS][P2P][BLE],,-5220
1515969320000,b4:e9:b0:ef:61:1d,-59,SJSU_Guest,-121.88536848,37.3382003,53,[ESS][BLE],,-5220
1515969320000,b4:e9:b0:ef:61:1e,-59,eduroam,-121.88536848,37.3382003,53,[WPA2-EAP-CCMP][ESS][BLE],,-5220
1515969320000,b4:e9:b0:ef:61:1f,-59,SJSU_premier,-121.88536848,37.3382003,53,[WPA2-EAP-CCMP][ESS][BLE],,-5220
1515969399000,b4:e9:b0:ef:61:e0,-80,SJSU_premier,-121.88167439,37.33676861,5,[WPA2-EAP-CCMP][ESS][BLE],,12412
1515969397000,b4:e9:b0:ef:61:e3,-76,SJSU_MyDevice,-121.88166378,37.33678398,5,[ESS][P2P][BLE],,12412
1515969314000,b4:e9:b0:ef:61:ec,-85,SJSU_MyDevice,-121.88536905,37.33823119,19,[ESS][P2P][BLE],,-5180
1515969297000,b4:e9:b0:ef:61:ed,-88,SJSU_Guest,-121.88527248,37.33840275,31,[ESS][BLE],,-5180
1515969299000,b4:e9:b0:ef:61:ee,-88,eduroam,-121.885344,37.33831421,28,[WPA2-EAP-CCMP][ESS][BLE],,-5180
1515969314000,b4:e9:b0:ef:61:ef,-85,SJSU_premier,-121.88536905,37.33823119,19,[WPA2-EAP-CCMP][ESS][BLE],,-5180
1515969394000,b4:e9:b0:ef:65:c2,-75,SJSU_Guest,-121.88164784,37.33680986,5,[ESS][BLE],,112462
1515969299000,c0:c1:c0:e5:31:05,-84,,-121.885344,37.33831421,28,[WPA2-PSK-CCMP][ESS],,62437
1515969397000,cc:d5:39:89:2e:f3,-82,SJSU_MyDevice,-121.88166378,37.33678398,5,[ESS][P2P][BLE],,62437
1515969397000,cc:d5:39:89:2e:fd,-82,SJSU_Guest,-121.88166378,37.33678398,5,[ESS][BLE],,-5180
1515969314000,cc:d5:39:89:2f:00,-83,SJSU_premier,-121.88536905,37.33823119,19,[WPA2-EAP-CCMP][ESS][BLE],,62437
1515969314000,cc:d5:39:89:2f:01,-83,eduroam,-121.88536905,37.33823119,19,[WPA2-EAP-CCMP][ESS][BLE],,62437
1515969314000,cc:d5:39:89:2f:02,-82,SJSU_Guest,-121.88536905,37.33823119,19,[ESS][BLE],,62437
1515969314000,cc:d5:39:89:2f:03,-83,SJSU_MyDevice,-121.88536905,37.33823119,19,[ESS][P2P][BLE],,62437
1515969297000,cc:d5:39:89:2f:0c,-86,SJSU_MyDevice,-121.88527248,37.33840275,31,[ESS][P2P][BLE],,-5500
1515969297000,cc:d5:39:89:2f:0d,-85,SJSU_Guest,-121.88527248,37.33840275,31,[ESS][BLE],,-5500
1515969299000,cc:d5:39:89:2f:0e,-85,eduroam,-121.885344,37.33831421,28,[WPA2-EAP-CCMP][ESS][BLE],,-5500
1515969297000,cc:d5:39:89:2f:0f,-86,SJSU_premier,-121.88527248,37.33840275,31,[WPA2-EAP-CCMP][ESS][BLE],,-5500
1515969297000,cc:d5:39:89:2f:1d,-88,SJSU_Guest,-121.88527248,37.33840275,31,[ESS][BLE],,-5260
1515969299000,cc:d5:39:89:2f:1e,-89,eduroam,-121.885344,37.33831421,28,[WPA2-EAP-CCMP][ESS][BLE],,-5260
1515969297000,cc:d5:39:89:2f:1f,-88,SJSU_premier,-121.88527248,37.33840275,31,[WPA2-EAP-CCMP][ESS][BLE],,-5260
1515969329000,cc:d5:39:89:30:40,-76,SJSU_premier,-121.88533861,37.33817558,76,[WPA2-EAP-CCMP][ESS][BLE],,12412
1515969329000,cc:d5:39:89:30:41,-76,eduroam,-121.88533861,37.33817558,76,[WPA2-EAP-CCMP][ESS][BLE],,12412
1515969329000,cc:d5:39:89:30:42,-76,SJSU_Guest,-121.88533861,37.33817558,76,[ESS][BLE],,12412
1515969329000,cc:d5:39:89:30:43,-75,SJSU_MyDevice,-121.88533861,37.33817558,76,[ESS][P2P][BLE],,12412
1515969329000,cc:d5:39:89:30:4c,-76,SJSU_MyDevice,-121.88533861,37.33817558,76,[ESS][P2P][BLE],,-5180
1515969329000,cc:d5:39:89:30:4d,-75,SJSU_Guest,-121.88533861,37.33817558,76,[ESS][BLE],,-5180
1515969329000,cc:d5:39:89:30:4e,-76,eduroam,-121.88533861,37.33817558,76,[WPA2-EAP-CCMP][ESS][BLE],,-5180
1515969332000,cc:d5:39:89:30:4f,-77,SJSU_premier,-121.88526178,37.33816745,76,[WPA2-EAP-CCMP][ESS][BLE],,-5180
1515969397000,cc:d5:39:89:37:f0,-87,SJSU_premier,-121.88166378,37.33678398,5,[WPA2-EAP-CCMP][ESS][BLE],,112462
1515969379000,cc:d5:39:89:37:f4,-90,SJSU_MyDevice,-121.88164882,37.33691151,11,[ESS][P2P][BLE],,-5580
1515969391000,cc:d5:39:89:37:fc,-86,SJSU_MyDevice,-121.88163839,37.33683652,5,[ESS][P2P][BLE],,-5580
1515969382000,cc:d5:39:89:37:fd,-89,SJSU_Guest,-121.88163765,37.3368942,9,[ESS][BLE],,-5580
1515969391000,cc:d5:39:89:37:fe,-88,eduroam,-121.88163839,37.33683652,5,[WPA2-EAP-CCMP][ESS][BLE],,-5580
1515969391000,cc:d5:39:89:37:ff,-88,SJSU_premier,-121.88163839,37.33683652,5,[WPA2-EAP-CCMP][ESS][BLE],,-5580
1515969394000,cc:d5:39:89:38:80,-84,SJSU_premier,-121.88164784,37.33680986,5,[WPA2-EAP-CCMP][ESS][BLE],,112462
1515969391000,cc:d5:39:89:38:81,-86,eduroam,-121.88163839,37.33683652,5,[WPA2-EAP-CCMP][ESS][BLE],,112462
1515969391000,cc:d5:39:89:38:83,-86,SJSU_MyDevice,-121.88163839,37.33683652,5,[ESS][P2P][BLE],,112462
1515969391000,cc:d5:39:89:38:84,-88,SJSU_MyDevice,-121.88163839,37.33683652,5,[ESS][P2P][BLE],,-5220
1515969397000,cc:d5:39:89:38:85,-87,SJSU_Guest,-121.88166378,37.33678398,5,[ESS][BLE],,-5220
1515969397000,cc:d5:39:89:38:86,-87,eduroam,-121.88166378,37.33678398,5,[WPA2-EAP-CCMP][ESS][BLE],,-5220
1515969391000,cc:d5:39:89:38:87,-88,SJSU_premier,-121.88163839,37.33683652,5,[WPA2-EAP-CCMP][ESS][BLE],,-5220
1515969399000,cc:d5:39:89:38:8c,-87,SJSU_MyDevice,-121.88167439,37.33676861,5,[ESS][P2P][BLE],,-5220
1515969399000,cc:d5:39:89:38:8d,-84,SJSU_Guest,-121.88167439,37.33676861,5,[ESS][BLE],,-5220
1515969391000,cc:d5:39:89:38:8e,-86,eduroam,-121.88163839,37.33683652,5,[WPA2-EAP-CCMP][ESS][BLE],,-5220
1515969397000,cc:d5:39:89:38:8f,-84,SJSU_premier,-121.88166378,37.33678398,5,[WPA2-EAP-CCMP][ESS][BLE],,-5220
1515969397000,cc:d5:39:89:39:7f,-89,SJSU_premier,-121.88166378,37.33678398,5,[WPA2-EAP-CCMP][ESS][BLE],,-5200
1515969382000,cc:d5:39:89:39:d2,-80,SJSU_Guest,-121.88163765,37.3368942,9,[ESS][BLE],,12412
1515969394000,cc:d5:39:89:3b:b0,-86,SJSU_premier,-121.88164784,37.33680986,5,[WPA2-EAP-CCMP][ESS][BLE],,12412
1515969388000,cc:d5:39:89:3b:b2,-87,SJSU_Guest,-121.88163664,37.33685083,6,[ESS][BLE],,12412
1515969332000,cc:d5:39:89:3e:61,-86,eduroam,-121.88526178,37.33816745,76,[WPA2-EAP-CCMP][ESS][BLE],,112462
1515969329000,cc:d5:39:89:3e:62,-83,SJSU_Guest,-121.88533861,37.33817558,76,[ESS][BLE],,112462
1515969329000,cc:d5:39:89:3e:63,-85,SJSU_MyDevice,-121.88533861,37.33817558,76,[ESS][P2P][BLE],,112462
1515969332000,cc:d5:39:89:3e:64,-87,SJSU_MyDevice,-121.88526178,37.33816745,76,[ESS][P2P][BLE],,-5260
1515969349000,cc:d5:39:89:3e:65,-86,SJSU_Guest,-121.88176898,37.33653379,43,[ESS][BLE],,-5260
1515969353000,cc:d5:39:89:3e:66,-87,eduroam,-121.88193557,37.33684577,40,[WPA2-EAP-CCMP][ESS][BLE],,-5260
1515969349000,cc:d5:39:89:3e:67,-87,SJSU_premier,-121.88176898,37.33653379,43,[WPA2-EAP-CCMP][ESS][BLE],,-5260
1515969349000,cc:d5:39:89:3e:6d,-90,SJSU_Guest,-121.88176898,37.33653379,43,[ESS][BLE],,-5260
1515969332000,cc:d5:39:89:3e:6f,-86,SJSU_premier,-121.88526178,37.33816745,76,[WPA2-EAP-CCMP][ESS][BLE],,-5260
1515969431000,f0:29:29:2a:a8:e2,-87,eduroam,-121.88194388,37.33655585,3,[WPA2-EAP-CCMP][ESS][BLE],,-5540
1515969299000,f0:29:29:2a:af:d0,-85,SJSU_premier,-121.885344,37.33831421,28,[WPA2-EAP-CCMP][ESS][BLE],,112462
1515969302000,f0:29:29:2a:af:d1,-84,eduroam,-121.8853621,37.33827662,13,[WPA2-EAP-CCMP][ESS][BLE],,112462
1515969297000,f0:29:29:2a:af:d2,-85,SJSU_Guest,-121.88527248,37.33840275,31,[ESS][BLE],,112462
1515969302000,f0:29:29:2a:af:d3,-85,SJSU_MyDevice,-121.8853621,37.33827662,13,[ESS][P2P][BLE],,112462
1515969302000,f0:29:29:2a:e5:e0,-77,SJSU_premier,-121.8853621,37.33827662,13,[WPA2-EAP-CCMP][ESS][BLE],,12412
1515969302000,f0:29:29:2a:e5:e1,-77,eduroam,-121.8853621,37.33827662,13,[WPA2-EAP-CCMP][ESS][BLE],,12412
1515969302000,f0:29:29:2a:e5:e2,-77,SJSU_Guest,-121.8853621,37.33827662,13,[ESS][BLE],,12412
1515969302000,f0:29:29:2a:e5:e3,-77,SJSU_MyDevice,-121.8853621,37.33827662,13,[ESS][P2P][BLE],,12412
1515969302000,f0:29:29:2a:e5:ec,-84,SJSU_MyDevice,-121.8853621,37.33827662,13,[ESS][P2P][BLE],,-5220
1515969297000,f0:29:29:2a:e5:ed,-86,SJSU_Guest,-121.88527248,37.33840275,31,[ESS][BLE],,-5220
1515969302000,f0:29:29:2a:e5:ee,-85,eduroam,-121.8853621,37.33827662,13,[WPA2-EAP-CCMP][ESS][BLE],,-5220
1515969302000,f0:29:29:2a:e5:ef,-83,SJSU_premier,-121.8853621,37.33827662,13,[WPA2-EAP-CCMP][ESS][BLE],,-5220
1515969399000,f0:29:29:2a:f2:80,-76,SJSU_premier,-121.88167439,37.33676861,5,[WPA2-EAP-CCMP][ESS][BLE],,62437
1515969382000,f0:29:29:2a:f2:83,-85,SJSU_MyDevice,-121.88163765,37.3368942,9,[ESS][P2P][BLE],,62437
1515969399000,f0:29:29:2a:f2:8f,-79,SJSU_premier,-121.88167439,37.33676861,5,[WPA2-EAP-CCMP][ESS][BLE],,-5500
